Customer_ID, First_Name, Last_Name, Address,Email, State, Zip_Code,Date_of_Birth,Mobile_Number
1 ,Jose,Carter,"35904 Freeman Junction Suite 636, Lake Adam, PA 78353",kristinenguyen@example.com,New Jersey, 75244 ,11/25/1994, 3699769395
2 ,Joseph,Adams,"965 Michael Villages, Port Jorge, AZ 01064",jeremy76@example.com,Wisconsin, 38206 ,9/28/1953, 6322586902
3 ,Pamela,Joseph,"50734 Copeland Road, Lake Davidshire, FM 81624",drichards@example.com,Montana, 41437 ,5/6/1958, 9395709320
4 ,David,Dyer,"895 Barr Parkways Apt. 600, Lake Brett, IL 86711",deandaisy@example.org,Maine, 64515 ,11/3/1984, 8519630381
5 ,Kevin,Barnes,"358 Deleon Circle, Lake Lauramouth, IL 11251",robertsonsydney@example.org,Vermont, 40375 ,11/11/1962, 2128051439
6 ,Alice,Vega,"605 Holland Hills Apt. 082, East Elijahside, MH 69392",jane63@example.com,North Dakota, 59602 ,12/2/1955, 2070210282
7 ,Teresa,Buckley,"247 Greer Coves Suite 915, Amyland, DE 06373",christy41@example.com,Michigan, 66995 ,2/23/2004, 3766413845
8 ,Kim,Cordova,"9548 Krista Road, Stoneport, FL 73623",matthewbrown@example.org,New Jersey, 54171 ,9/1/1967, 9944546659
9 ,Leah,Nielsen,"2258 Guzman Fields Suite 834, South Randy, NH 61230",stephaniegriffith@example.org,Idaho, 77242 ,12/11/1994, 3419171265
10 ,Kyle,Wood,"1484 Manuel Roads Suite 550, West Brenda, AZ 01746",sallen@example.net,Alaska, 76972 ,7/12/1962, 8884474351
11 ,Catherine,Shaffer,"078 Juarez Junction, Deleonview, OK 19571",wendy85@example.org,Delaware, 66954 ,11/15/1996, 6892721338
12 ,Brian,Walters,"499 Vaughn Lane, North Curtis, FM 42903",nking@example.com,Illinois, 63974 ,9/7/1998, 4769777450
13 ,Sherri,Ross,"5985 Janet Neck, Port Anthonybury, RI 64257",david58@example.org,California, 25488 ,6/7/1988, 3811667357
14 ,Jason,Smith,"617 Matthews Plaza Apt. 597, New Emily, TX 53593",patrick33@example.com,Nebraska, 47099 ,1/12/1988, 4865598278
15 ,Elizabeth,Mclaughlin,"7787 Shah Ford, West Jacobtown, LA 80489",cuevasmaria@example.org,Maryland, 11758 ,3/17/1976, 5465693699
16 ,Sarah,Boyd,"45528 Joshua Extension Suite 871, Ortizport, AZ 71804",amberdavis@example.net,Arkansas, 55762 ,8/29/1987, 3243764950
17 ,Rachel,Miller,"184 Joanna Expressway, Kennedyton, NM 98155",karenbuchanan@example.com,Nevada, 24128 ,5/17/1945, 9530435562
18 ,Shannon,Trujillo,"3959 Pierce Groves, Georgeshire, WA 44423",heathkimberly@example.net,Mississippi, 28841 ,10/23/1990, 9443461670
19 ,Timothy,Russell,"73635 Luis Streets, Melissaside, ID 45787",browncaleb@example.com,Oregon, 70344 ,6/4/2004, 3870585599
20 ,Justin,Cox,"796 Rodriguez Circle, Lake Julialand, PW 63372",smithwhitney@example.com,Iowa, 61777 ,6/11/1946, 3690297455
21 ,Steven,Yang,"92446 Smith Dam Suite 421, Port April, NM 15912",xchen@example.org,Wyoming, 82813 ,9/25/1993, 5367786725
22 ,Jasmine,Dixon,"376 Moore Ways, New Lisa, IN 43135",dbond@example.com,Michigan, 94449 ,11/5/1956, 2451542015
23 ,Jared,Gardner,"USS Cannon, FPO AA 87013",jessicaochoa@example.com,Maine, 89566 ,10/17/1998, 6951146369
24 ,Angela,Scott,"56440 Villanueva Burg, Roblesport, OH 86125",emily09@example.org,Rhode Island, 12661 ,4/22/1978, 2607429420
25 ,Sharon,Carter,"800 Guerrero Camp Apt. 373, Braunville, NY 73987",xwelch@example.org,North Dakota, 88184 ,12/4/1943, 5078289454
26 ,Rachael,Griffin,"USNS Pena, FPO AE 22693",abaird@example.org,Vermont, 96598 ,5/11/1944, 6208006886
27 ,Brian,Alvarez,"81002 Rice Circle Suite 604, Millerberg, MT 86767",cheryl43@example.com,Arkansas, 86764 ,2/8/1946, 7302417659
28 ,Eileen,Green,"984 James Burgs Suite 836, New Julia, OR 62041",louis74@example.org,Iowa, 78690 ,8/20/2004, 1579444622
29 ,Christopher,Allen,"033 Johnson Freeway, Lake Robinmouth, AS 60533",matthewsnicholas@example.org,New Hampshire, 94674 ,11/29/1947, 6898041567
30 ,James,Crane,"74993 Torres Parkway, Emilyton, ND 62748",istokes@example.com,Louisiana, 55558 ,5/11/1958, 4359303113
31 ,David,Sanchez,"6468 Graham Street Suite 668, Jennifershire, AZ 69406",petersenjackie@example.org,New Jersey, 37423 ,10/18/1953, 7702494329
32 ,Joseph,Payne,"11724 Marc Parks Suite 689, South Jason, ME 89329",mariejones@example.org,New Hampshire, 66010 ,3/2/1959, 7539376950
33 ,John,Johnson,"95890 Rebecca Fort Suite 400, Duanemouth, IN 28900",melinda73@example.net,Oregon, 47603 ,10/19/1944, 4853953689
34 ,Tina,Sanders,"445 Macias Circle Suite 746, Spencerfort, AK 38780",ugrant@example.org,North Dakota, 83557 ,2/11/1982, 7411389855
35 ,Tyler,Sheppard,"USCGC Byrd, FPO AA 07016",robert79@example.com,New Hampshire, 71460 ,3/22/1963, 4733065227
36 ,Kevin,Cole,"7287 Taylor Path Suite 815, Kristenshire, PW 62322",vsimpson@example.net,New Jersey, 50167 ,1/11/1993, 7632342807
37 ,Janet,Brown,"72530 Darlene Stream, South Lindseyshire, VA 39575",alexisrivera@example.net,Washington, 70920 ,9/13/1991, 8623260677
38 ,Michelle,Russell,"Unit 1501 Box 2330, DPO AP 29216",kstein@example.com,Wisconsin, 12863 ,8/25/1953, 2202796373
39 ,Jesse,Ramirez,"8002 Torres Gateway, Chenburgh, NM 46416",benjamin14@example.org,West Virginia, 70442 ,4/29/1984, 3490711229
40 ,Heidi,Johnson,"341 Nicole Parkways, Greenborough, GU 38390",cindyreed@example.com,Montana, 58790 ,10/21/1996, 5037567172
41 ,Andrew,Reid,"78277 Brian Expressway Apt. 267, Davidstad, NC 68106",andrew33@example.com,Florida, 45491 ,2/19/1970, 6825126374
42 ,Thomas,Porter,"85743 Mary Extensions Apt. 426, North Lisa, DC 26571",tknight@example.org,Colorado, 30950 ,7/15/1993, 7938028176
43 ,Stephanie,Christensen,"PSC 9715, Box 4155, APO AA 43350",melissajuarez@example.com,Connecticut, 15898 ,8/15/1946, 6661661175
44 ,Lauren,Smith,"760 Lee Crescent Apt. 039, West Veronicaside, NE 90981",matthew52@example.org,Oregon, 39957 ,10/31/1961, 6246827064
45 ,Brandon,Rodriguez,"5067 Victor Key Apt. 728, Peterburgh, AZ 68377",edwardschristian@example.org,Virginia, 99237 ,1/13/1946, 7479298441
46 ,Rachel,Fernandez,"96059 Thomas Lakes, Karenstad, AS 84144",richardramos@example.org,North Dakota, 39689 ,6/9/1957, 9363195254
47 ,Stacey,Perez,"54562 Audrey Plain Suite 331, Leeton, MA 06914",johnfoster@example.com,Vermont, 71435 ,9/24/1994, 9549955861
48 ,Michelle,Stone,"330 Lewis Unions, Christophermouth, DC 67820",colemanlori@example.net,New Jersey, 33905 ,10/9/1976, 4202812932
49 ,Jacqueline,Maynard,"49693 Case Glen Apt. 724, Mendozaview, GA 97766",samantha07@example.org,Colorado, 52510 ,12/31/2002, 2513129963
50 ,Monica,Murphy,"625 Michael Club Apt. 350, New Karenport, CA 05543",amontoya@example.org,Texas, 67195 ,5/20/1953, 1867000583
51 ,Jennifer,Hughes,"735 Stacey Dale Apt. 361, South Benjaminview, MS 63312",savannahgiles@example.net,Arkansas, 35684 ,4/9/2001, 3734442084
52 ,Kathy,Brown,"8017 Willis Common, Harrisland, PR 31719",audreysanchez@example.net,Virginia, 42395 ,7/31/1975, 4120359568
53 ,Kevin,Hall,"62270 Amy Divide Apt. 655, Ericburgh, FM 96237",phernandez@example.com,North Carolina, 42395 ,11/30/1989, 9274408009
54 ,Jamie,Moore,"43288 Carl Spur Apt. 116, Walkerton, NM 15723",john07@example.org,Tennessee, 95766 ,1/19/1953, 8506380275
55 ,Brian,Edwards,"USNV Harris, FPO AE 77891",connor95@example.net,Rhode Island, 85038 ,8/16/1974, 3743786862
56 ,Jimmy,Walter,"57165 Moore Lock Apt. 090, Port Kenneth, TN 91738",jesse31@example.net,Maryland, 17033 ,10/8/1981, 1611755204
57 ,Juan,Watson,"352 Mcfarland Creek, Michaelville, MS 31066",vdaniels@example.net,California, 24642 ,11/26/1954, 5645636908
58 ,Jessica,Reed,"Unit 8291 Box 3443, DPO AA 30702",taylor88@example.net,Louisiana, 58602 ,10/20/1997, 9971968993
59 ,Haley,Franklin,"2694 Jessica Manors Suite 036, Elizabethbury, NM 69591",leroy82@example.net,Massachusetts, 61643 ,11/10/1948, 5866234799
60 ,Jessica,Thompson,"8676 Todd Canyon Suite 743, West Ariel, TN 39447",deborah41@example.org,Idaho, 99172 ,7/16/1960, 5109137801
61 ,Jessica,Elliott,"96430 Kristin Groves, North Tracy, FM 13605",jennifer79@example.com,Maine, 88376 ,9/28/1999, 1958301489
62 ,Steven,Gibson,"85321 Shane Gardens, Reedborough, GU 88497",josephcarrillo@example.net,Mississippi, 35947 ,2/28/2006, 4263552666
63 ,Jennifer,Coleman,"PSC 6149, Box 7093, APO AA 64032",jason32@example.net,New York, 39166 ,7/31/1963, 2881353846
64 ,Jon,Moore,"Unit 1679 Box 2068, DPO AA 80626",juliedavis@example.org,Virginia, 40171 ,2/4/1978, 7077055778
65 ,Sandra,Owen,"36636 Courtney Ranch Suite 055, New Matthew, WY 62470",rodriguezrachel@example.org,Washington, 79427 ,11/16/1944, 5082378766
66 ,Lisa,Norris,"731 Debbie Street Suite 976, West Kristen, MA 35139",julia06@example.org,Alabama, 33443 ,4/25/2004, 2549321659
67 ,Shelby,Hubbard,"2603 Mills Grove, West Maryshire, AS 40838",tylertiffany@example.org,Michigan, 57578 ,5/28/1995, 7560923113
68 ,Ryan,Marquez,"47097 Pamela Harbors, Sarahfort, DE 99770",davisnatalie@example.org,Idaho, 20390 ,2/11/1996, 5516463005
69 ,Kayla,Thomas,"Unit 2160 Box 4319, DPO AP 60659",taylortyler@example.net,New York, 54789 ,6/3/1987, 2343207821
70 ,Krista,Wong,"713 Gordon Inlet, Langchester, AL 46960",jeremiahobrien@example.net,Texas, 15130 ,1/28/1955, 1027546040
71 ,Alicia,Hart,"028 Danielle Islands, North Caleb, FM 32412",imorgan@example.org,Tennessee, 46285 ,4/19/1975, 2302672115
72 ,Bruce,Thomas,"338 Smith Freeway, New Kristinaside, AR 89785",itorres@example.org,Michigan, 83368 ,1/26/1977, 1260639275
73 ,Gregory,Rivera,"91627 Lisa Squares, New Andrewberg, KS 38311",urodriguez@example.com,South Carolina, 82342 ,12/4/2000, 9362517858
74 ,Tina,Zamora,"3503 Tara Curve Apt. 671, Jessicaside, TX 46182",ayersann@example.com,Virginia, 74262 ,2/28/2000, 7504054438
75 ,Gary,Watts,"366 Brianna Square, Carrilloport, WY 30621",ubutler@example.com,New York, 56224 ,5/7/1947, 9403496959
76 ,Eric,Stafford,"84486 Parrish Cliff, Pagehaven, NY 16209",eric40@example.org,Maryland, 70153 ,3/16/1983, 8892361827
77 ,Lauren,Adams,"76688 Wright Squares, East Anna, MD 76723",lauracastro@example.net,Utah, 83257 ,10/27/1987, 4595081372
78 ,Kimberly,Perez,"46401 Schneider Ridges Suite 080, East Edward, FM 48982",ghall@example.net,Maryland, 64770 ,10/24/1993, 3852243796
79 ,Deborah,Wallace,"6010 Kathryn Mills Suite 124, North Antoniohaven, LA 89240",pthompson@example.com,Texas, 13549 ,9/22/1945, 9714025425
80 ,David,Davis,"194 West Pines, North Kaylaview, OK 03668",tuckeremily@example.com,Kentucky, 54303 ,12/2/1991, 1782338877
81 ,Pamela,Jacobs,"4439 Jeffery Loaf Suite 444, Hawkinston, LA 50011",jenniferrichards@example.net,Arizona, 23091 ,4/19/1965, 6720089964
82 ,Jennifer,Smith,"157 Wendy Brook, Lake Sarah, MH 81307",brookspatricia@example.org,New Mexico, 32342 ,7/25/2001, 3309504798
83 ,Veronica,Hanson,"343 James Tunnel, Lake Amandaview, GA 26742",michael54@example.org,Wyoming, 61358 ,6/25/1982, 6301066891
84 ,Katherine,White,"11814 Michael Plains Suite 843, Oconnellborough, OK 82184",dixonmichael@example.com,New Mexico, 99482 ,1/18/2000, 1370085643
85 ,Jonathan,Thomas,"4748 Mary Parks Suite 231, Edwardsburgh, NY 13013",sabrinawilson@example.net,Utah, 42350 ,4/30/2004, 3088132551
86 ,Brian,Pierce,"10778 Debra Point Suite 086, North Johnfurt, PW 53083",cherylbennett@example.org,Arizona, 39927 ,10/31/1967, 7667297959
87 ,Michael,Sullivan,"PSC 8378, Box 7046, APO AP 68302",tclark@example.net,Alaska, 21796 ,11/14/1978, 9331907433
88 ,Lindsay,Carson,"72884 Bell Field, Matthewchester, NE 71468",collinsmegan@example.com,Virginia, 97126 ,8/7/1986, 1836550367
89 ,Amy,Miller,"517 Green Neck, Melindashire, WA 84050",stephen89@example.net,California, 91364 ,4/20/1970, 5513469586
90 ,Stephen,Jackson,"4938 Young Green Apt. 185, East Shawnberg, KY 05894",sadkins@example.net,Washington, 69016 ,7/10/1999, 4178887296
91 ,Cody,Hughes,"805 Andrew Gateway Suite 842, South Julian, WI 14877",gibsonmichelle@example.net,Nebraska, 71335 ,2/4/1945, 4356232209
92 ,Suzanne,Hess,"440 Roberts Loaf, North John, RI 77436",qscott@example.org,Maryland, 48520 ,4/1/1981, 7413499741
93 ,Maurice,Ochoa,"Unit 2162 Box 9731, DPO AP 96214",tgoodwin@example.net,Maryland, 83687 ,7/12/1978, 2166406281
94 ,Jeremy,Holland,"PSC 7370, Box 2717, APO AE 22399",vhall@example.com,North Dakota, 70822 ,7/29/1984, 7281182707
95 ,Diana,Hines,"4677 Taylor Prairie Suite 070, Carpenterhaven, NH 90454",lisawilliams@example.net,Ohio, 77644 ,3/31/1953, 7975185982
96 ,Austin,Henderson,"9113 Ross Overpass Suite 881, West Blakehaven, NJ 54582",afleming@example.com,New Jersey, 20825 ,12/16/1990, 3460562790
97 ,Desiree,Holt,"Unit 2742 Box 6535, DPO AA 58731",hernandezmichael@example.net,California, 69595 ,3/7/1987, 6977231945
98 ,Michael,Hunt,"3299 Hess Flats, Lake Raymond, WV 53632",stewartdaniel@example.com,Maine, 68468 ,1/1/1957, 8610813590
99 ,Steven,Obrien,"944 Cox Loop, Gonzalezburgh, MN 94185",coleshirley@example.org,Nevada, 93066 ,3/11/1998, 9106640718
100 ,Shaun,Miller,"PSC 3219, Box 8630, APO AA 22162",ashlee97@example.com,Indiana, 84063 ,4/26/1980, 6107475128
101 ,Sonya,Rogers,"497 Flowers Dam Suite 121, Tiffanychester, IL 58485",allison06@example.org,Wisconsin, 66657 ,11/6/1991, 1630728304
102 ,Roger,Lang,"34603 Kevin Court Suite 093, New Susan, GU 84819",cmaxwell@example.com,Colorado, 89907 ,5/10/1975, 7107717847
103 ,Stephanie,Rivera,"7911 Scott Harbors Apt. 006, Port Kimberlyborough, MN 07566",tfields@example.com,Idaho, 63842 ,3/11/1966, 8854164354
104 ,Sara,Johnson,"73868 Sanchez Walks Apt. 131, North Brian, CA 46531",hayesbryan@example.net,Montana, 64842 ,5/24/1959, 7351641324
105 ,Benjamin,Woods,"PSC 8140, Box 8286, APO AA 37407",bryantsteven@example.org,South Carolina, 90169 ,4/16/1993, 4063818443
106 ,James,Doyle,"5080 Zachary Plaza Suite 667, North Ericashire, LA 42032",charlesmorris@example.net,Alabama, 80881 ,3/21/1961, 9059600627
107 ,Kenneth,Rhodes,"035 Herrera Rest Apt. 441, Pollardville, IA 51683",jefferybanks@example.net,Virginia, 15957 ,11/26/1943, 7502231747
108 ,William,Keith,"25748 Holly Union Apt. 306, East Monique, NE 49735",whernandez@example.org,South Carolina, 38005 ,9/8/2004, 7026655137
109 ,Kevin,Perry,"137 Daniel Forge Suite 607, Rojashaven, GA 05065",johnsanford@example.net,New Mexico, 45842 ,8/2/1949, 8168014367
110 ,Jeff,Montoya,"Unit 3934 Box 7655, DPO AP 43735",msaunders@example.org,Utah, 26205 ,11/5/1946, 8160399243
111 ,Kimberly,Taylor,"0188 Michael Harbor, South Leroytown, VT 47145",karendeleon@example.org,Pennsylvania, 65702 ,6/18/1947, 4058726529
112 ,Ryan,Sanchez,"74602 Moreno Landing Suite 757, North Luis, NH 49435",allisonmiller@example.net,Vermont, 17535 ,5/9/1946, 1663649366
113 ,Heather,Davis,"3995 Elizabeth Underpass, Martinezland, GU 28137",hferguson@example.org,Michigan, 31047 ,7/25/1988, 4169187468
114 ,Jennifer,Mosley,"39666 Scott Ridge, Port Brandonstad, WI 76192",bcole@example.org,Oklahoma, 28246 ,9/22/1945, 2790213259
115 ,Dalton,Anderson,"59152 Flores Pines Suite 024, Port Isaacview, NM 03411",joe82@example.org,Idaho, 10368 ,7/26/1944, 7437612370
116 ,John,Hudson,"7958 Richard Mission, Garciamouth, WV 05289",audrey93@example.org,Colorado, 88652 ,10/26/1961, 8318196137
117 ,James,Tran,"Unit 1733 Box 4340, DPO AP 52975",garzarobert@example.com,North Dakota, 24826 ,8/30/1981, 4700428151
118 ,Carlos,Potter,"711 Best Burg, Wilkinsonton, CO 11004",meganhall@example.org,Maryland, 22543 ,5/19/1987, 8426129639
119 ,Alec,Perez,"4330 Dawn Forges Apt. 720, Port Michelle, NM 24761",perezgregory@example.com,Alaska, 19758 ,7/10/1972, 9304670058
120 ,Marilyn,Torres,"13315 Harry Ways, Jasonshire, DC 13438",rharris@example.com,South Dakota, 20632 ,9/30/1983, 2980670665
121 ,Kathy,Moreno,"60513 Brian Field Suite 762, North Russellberg, NC 49519",matthew64@example.org,North Dakota, 86679 ,12/4/1960, 1073789995
122 ,Maria,Gonzalez,"117 Michael Extension Apt. 496, Lake Stevenland, AS 69942",brian44@example.net,Connecticut, 99092 ,1/18/1949, 1141601664
123 ,Billy,Stewart,"682 Mark Road, Rangelmouth, PW 25729",owilson@example.org,Florida, 13387 ,11/28/1982, 9956428963
124 ,Jacob,Mueller,"041 Lynch Highway Apt. 036, Port Johnport, NM 16728",snelson@example.net,South Carolina, 78713 ,12/15/1946, 8587049113
125 ,Brandi,Mckay,"7003 Rosario Plain, Medinaberg, OK 92360",georgejenkins@example.org,Tennessee, 77106 ,9/30/1992, 6713663164
126 ,Courtney,Esparza,"78693 Contreras Isle, Brianville, MT 18276",victoriajuarez@example.net,South Dakota, 66965 ,10/31/1963, 8765447328
127 ,Erin,White,"26771 Rich Street, Codystad, ME 38365",jennifer56@example.org,Pennsylvania, 53625 ,8/8/1989, 4895051830
128 ,Ashley,Chandler,"97082 Nicole Course, South Stephenside, PW 87044",jerome27@example.org,Kansas, 23928 ,5/24/1970, 2269849371
129 ,Victor,Ramsey,"31865 Lloyd Rue Apt. 250, Nathanhaven, OR 38585",smithtracey@example.org,Nevada, 73043 ,9/28/1974, 4070557992
130 ,James,Hill,"630 Justin Grove Suite 397, Hayesfurt, AZ 44001",tking@example.com,South Carolina, 78291 ,7/20/1989, 9180446724
131 ,Janet,Young,"35206 Greene Port Suite 180, North Kimberlymouth, WI 89550",ian86@example.net,Maine, 19810 ,7/22/1988, 3814387208
132 ,Brian,Peters,"94692 Morrow Shoal, Hillborough, MH 41192",rgordon@example.org,Iowa, 21727 ,12/27/2001, 2163723776
133 ,Wayne,Haynes,"93265 Howell Rapids, Port Markstad, VT 22035",brivers@example.org,Maine, 18638 ,9/22/1984, 7262224473
134 ,Joe,Johnson,"523 Hector Green, East Melissatown, MA 24468",ashleyhansen@example.net,Virginia, 69142 ,2/10/1973, 7446120507
135 ,Glen,Williamson,"253 Seth Circle, South Jeremy, WI 56976",meyerdennis@example.org,Maryland, 39178 ,4/4/1993, 4132244695
136 ,Kelly,Harris,"8116 Michele Square, North Cynthiahaven, PA 85811",cynthiagoodman@example.net,Pennsylvania, 90750 ,5/11/1999, 2040277972
137 ,Jeremy,Chambers,"54790 Bates Points, Wilsonbury, MS 18426",freymichael@example.net,Connecticut, 98540 ,6/3/1956, 8257529621
138 ,Andrew,Simon,"Unit 7112 Box 9035, DPO AP 65535",jamieperez@example.org,Minnesota, 66120 ,5/4/1962, 8771780226
139 ,Angela,Golden,"32403 White Plains, South Bobby, NM 11912",wrussell@example.org,Kentucky, 12952 ,8/1/1948, 7556444333
140 ,Judith,Wilson,"89744 Johnson Way Suite 569, Laurenborough, UT 85247",maria18@example.com,Colorado, 10217 ,2/22/1948, 8642611408
141 ,Joseph,Rogers,"84373 David Club, Sonyastad, AR 20219",kenneth97@example.net,Maine, 26315 ,3/1/1971, 5462923975
142 ,Anthony,Hess,"746 Velazquez Turnpike Apt. 343, South Ericafort, IL 81322",simsjudy@example.org,New York, 26345 ,1/22/1961, 9530444761
143 ,Crystal,Little,"1688 Moreno Skyway Apt. 159, Lake Cory, HI 02064",wfisher@example.net,Kentucky, 79418 ,10/24/1991, 3148019130
144 ,Stephanie,Pope,"USS Dickerson, FPO AE 82638",ryanwilson@example.org,Idaho, 44911 ,8/7/1985, 2544854959
145 ,Jaime,Meyer,"6907 Wilson Ports, Amandatown, VI 09341",kyle38@example.net,West Virginia, 10666 ,5/25/1956, 8587633563
146 ,Terry,Jones,"0875 Scott Turnpike, Lake Kevin, AS 31972",benjamin13@example.org,Oregon, 69731 ,11/1/1994, 5105688495
147 ,Christopher,Fitzgerald,"55017 Higgins Park, East Joshuabury, IL 23597",vanessahickman@example.org,Nebraska, 20730 ,11/5/1978, 5683009943
148 ,Jennifer,Sawyer,"39475 Navarro Freeway, Port Ashleyfort, AK 39219",meganyoung@example.com,Washington, 23332 ,7/15/1965, 7730044743
149 ,Richard,Navarro,"246 Jones Haven Suite 218, Singhside, OR 56534",nicole95@example.com,Texas, 89814 ,8/14/1995, 7162093602
150 ,William,Kerr,"000 Rogers Ways Apt. 364, Stevenshaven, AL 06357",anthony36@example.net,Illinois, 81079 ,10/5/1993, 1734773598
151 ,Daniel,Willis,"Unit 9328 Box 2637, DPO AP 92008",lmorgan@example.org,Colorado, 32474 ,5/12/1997, 2592902824
152 ,Brandon,Cowan,"803 Perry Stravenue Suite 428, Hernandezborough, TX 25695",cody45@example.net,Iowa, 19402 ,5/12/1946, 9559866797
153 ,Ashley,Medina,"12037 Adam Village, Romanburgh, NE 80125",stevenscaitlin@example.org,Indiana, 32840 ,9/26/1955, 9364552779
154 ,Daniel,Castro,"57040 John Mews Suite 491, Lake Melissa, ID 63079",levihall@example.com,Iowa, 52104 ,4/20/1984, 3416277078
155 ,Sarah,Watts,"5347 Joan Manors Suite 202, South Michellestad, NM 46619",denisejacobs@example.net,Arizona, 54382 ,3/15/1954, 1376034795
156 ,Kimberly,Adams,"34662 Kenneth Land, West James, WI 07487",yangmark@example.com,Oklahoma, 33574 ,4/26/1981, 4599954860
157 ,Rodney,Reyes,"380 Quinn Bridge, Port Joseph, NE 14719",scottdyer@example.com,North Dakota, 21994 ,3/16/1947, 7347748653
158 ,Kenneth,Price,"27973 Garcia Drive Apt. 055, North Seanburgh, TN 97830",elizabeth22@example.net,Kentucky, 80695 ,7/3/1960, 3582936284
159 ,Savannah,Allen,"79764 Michelle Isle Suite 555, Andreland, AL 43746",jose20@example.org,Louisiana, 96818 ,10/30/1985, 3676391493
160 ,Martin,Schaefer,"6672 Ramirez Trail Apt. 411, West Jason, NJ 27250",ygoodman@example.com,Oregon, 79343 ,1/18/1960, 4692265436
161 ,Desiree,Miller,"89666 Cook Wells, Laurenport, HI 46576",philliphenry@example.net,Louisiana, 77633 ,12/1/1994, 6183699063
162 ,Eric,Berry,"6900 Catherine Squares Apt. 761, Gabrielborough, NY 21990",douglaslawson@example.com,Nebraska, 15358 ,4/25/1964, 5891682261
163 ,Nicholas,Chan,"6246 Brian Parks Suite 660, Martinezport, NY 16668",tammymedina@example.net,Oklahoma, 74546 ,2/26/1987, 6740128939
164 ,Melissa,Brown,"96909 Michael Forks Apt. 121, Lake Jacobburgh, IA 09808",robertellis@example.net,Kentucky, 27763 ,4/21/1950, 8196487909
165 ,Eric,Rocha,"7340 Steven Shore Apt. 621, South Katrinaport, WV 17034",danielmiller@example.com,Connecticut, 22254 ,12/17/1943, 6862821654
166 ,Kristi,Cantu,"99778 Washington Port Suite 432, Brownburgh, KY 59524",tberry@example.net,New York, 11977 ,4/17/1966, 6652528254
167 ,Joseph,Campbell,"Unit 2158 Box 6764, DPO AA 05319",whitemarco@example.com,Maryland, 26319 ,11/22/1958, 7018325239
168 ,David,Ryan,"80699 Bishop Ways, East Sandra, IN 45334",catherinegarner@example.org,Alabama, 84971 ,3/22/1990, 7163663257
169 ,Tina,Oliver,"03315 Stout Fall, South Bethany, FL 60009",batesdeborah@example.net,Iowa, 68604 ,1/4/2004, 6706768444
170 ,Robert,Pearson,"66430 Traci Expressway Apt. 433, East Justinmouth, CO 13996",fhowell@example.org,Arizona, 99355 ,10/9/1966, 7317754153
171 ,Christina,Norris,"85612 Steele Station, East Danielville, ID 65790",pameladorsey@example.org,Kentucky, 45670 ,12/10/1998, 8634255202
172 ,Gail,Jones,"4562 Sabrina Field Apt. 690, Port Lorishire, IA 10469",vosborne@example.org,West Virginia, 37864 ,9/10/1998, 9174612184
173 ,Laura,Parrish,"484 Ortiz Ranch Apt. 680, South Kevin, MP 89475",mooremary@example.org,Wyoming, 17103 ,1/8/1984, 8473203776
174 ,Melanie,Ellis,"790 Jasmine Tunnel Apt. 498, South Alisonland, MS 44289",tonya30@example.net,Montana, 43745 ,6/2/1968, 7439298412
175 ,Drew,Hernandez,"00693 Janet Via Apt. 474, Fosterport, LA 45537",jeffrey03@example.com,Pennsylvania, 72960 ,1/26/1986, 9354177240
176 ,Nathan,Walker,"9199 Crawford Locks, West Lindsay, OR 38588",norman01@example.com,Maryland, 22751 ,12/5/1948, 3852462362
177 ,Jesse,Gibson,"949 Angela Groves Suite 839, Howardport, CA 88435",deleonjennifer@example.net,Iowa, 60717 ,7/1/1944, 8705952931
178 ,Kristin,Padilla,"0835 Susan Hills, Barbershire, MP 08103",jenniferdiaz@example.net,Montana, 19450 ,6/7/1973, 7207360331
179 ,Donald,Floyd,"09318 Fritz Bridge Apt. 599, Watsonbury, AZ 25607",fgreen@example.com,Washington, 74377 ,10/22/1963, 2039675626
180 ,Michelle,Cardenas,"PSC 1884, Box 4755, APO AE 24986",smithmary@example.org,New Mexico, 49719 ,5/22/1967, 1381800515
181 ,John,Coleman,"77084 Riggs Freeway, Port Luisbury, AL 52077",jonathan79@example.net,Kansas, 97519 ,7/28/1982, 1521815338
182 ,Danny,Herrera,"614 Natalie Corner Suite 423, Pattersontown, AK 05339",gmolina@example.org,Pennsylvania, 99069 ,3/27/1998, 1155890734
183 ,Ashley,Mosley,"020 Spence Mills, East Michael, PA 02741",wyattsmith@example.net,North Dakota, 81162 ,3/31/1982, 4671890702
184 ,Glenn,Hawkins,"4887 Craig Stravenue, East Patrickfurt, AS 16884",vgarrett@example.com,Minnesota, 56809 ,4/15/1983, 5009968130
185 ,Robert,Perez,"99563 Garner Tunnel Suite 763, North Daniel, SD 55145",fnelson@example.org,Kentucky, 57017 ,10/12/1988, 9036713505
186 ,John,Rivera,"35814 Rubio Dam, Port April, FM 60138",moorechelsea@example.com,Indiana, 71464 ,4/27/1975, 7509851961
187 ,Elijah,Howard,"31786 Gina Land, North Dawnberg, VI 56377",janicetate@example.net,Massachusetts, 64084 ,8/14/1980, 5443805937
188 ,Susan,Hood,"264 Eaton Village Apt. 840, West Kathryn, NY 99911",lwilkinson@example.com,Georgia, 48840 ,5/12/1965, 8741335222
189 ,Brian,Bates,"08935 Michael Trail, Ryanfurt, HI 34498",berrysara@example.org,South Carolina, 19138 ,5/30/1975, 9321277445
190 ,Victor,Hughes,"PSC 8888, Box 6296, APO AA 74375",reginald63@example.com,Delaware, 20844 ,10/18/1954, 1159853450
191 ,Cody,Smith,"33892 Burch Inlet, East Derek, AK 17806",frazierjuan@example.com,Georgia, 32750 ,12/5/1943, 6231715079
192 ,Mary,Adams,"916 Kemp Field, Annaton, PA 56769",harrisonana@example.org,Vermont, 34131 ,7/31/1964, 7097195250
193 ,Robin,Howe,"0218 Wolfe Alley Suite 016, South Steven, TX 01380",mirandaamy@example.com,Kansas, 55578 ,3/30/1997, 5787799388
194 ,Pamela,Spears,"USNS Brown, FPO AA 76645",xspencer@example.com,North Dakota, 23547 ,10/30/1992, 9762356869
195 ,Matthew,Watkins,"3566 Brown Trail Apt. 785, West John, RI 82015",gwright@example.com,South Dakota, 95174 ,7/21/1987, 7923988950
196 ,Leah,Nicholson,"66826 Santos Stream Apt. 689, Amandaburgh, IA 90813",leslievincent@example.com,Virginia, 85247 ,9/9/1948, 6002889420
197 ,Brad,Cook,"USCGC Robles, FPO AP 06314",wongkimberly@example.org,New Mexico, 51029 ,8/15/1962, 6458140165
198 ,Dennis,Erickson,"USCGC Herrera, FPO AA 06108",jeremiahhenderson@example.com,Indiana, 71736 ,7/7/2006, 7969016952
199 ,Sandra,Terry,"835 Jennifer Landing, New Nancyborough, NJ 06599",rosethomas@example.org,North Carolina, 57815 ,10/18/1962, 4725139126
200 ,Scott,Mitchell,"265 Linda Prairie, Martintown, OR 56991",lwilliams@example.net,Ohio, 91062 ,10/3/1990, 2672403397;
