Shipping_ID,Shipping_Partner,Tracking_Number
SHP001, FedEx, TRK001
SHP002, UPS, TRK002
SHP003, USPS, TRK003
SHP004, DHL, TRK004
SHP005, Amazon Logistics, TRK005
SHP006, FedEx, TRK006
SHP007, UPS, TRK007
SHP008, USPS, TRK008
SHP009, DHL, TRK009
SHP010, Amazon Logistics, TRK010
SHP011, FedEx, TRK011
SHP012, UPS, TRK012
SHP013, USPS, TRK013
SHP014, DHL, TRK014
SHP015, Amazon Logistics, TRK015
SHP016, FedEx, TRK016
SHP017, UPS, TRK017
SHP018, USPS, TRK018
SHP019, DHL, TRK019
SHP020, Amazon Logistics, TRK020
SHP021, FedEx, TRK021
SHP022, UPS, TRK022
SHP023, USPS, TRK023
SHP024, DHL, TRK024
SHP025, Amazon Logistics, TRK025
SHP026, FedEx, TRK026
SHP027, UPS, TRK027
SHP028, USPS, TRK028
SHP029, DHL, TRK029
SHP030, Amazon Logistics, TRK030
SHP031, FedEx, TRK031
SHP032, UPS, TRK032
SHP033, USPS, TRK033
SHP034, DHL, TRK034
SHP035, Amazon Logistics, TRK035
SHP036, FedEx, TRK036
SHP037, UPS, TRK037
SHP038, USPS, TRK038
SHP039, DHL, TRK039
SHP040, Amazon Logistics, TRK040
SHP041, FedEx, TRK041
SHP042, UPS, TRK042
SHP043, USPS, TRK043
SHP044, DHL, TRK044
SHP045, Amazon Logistics, TRK045
SHP046, FedEx, TRK046
SHP047, UPS, TRK047
SHP048, USPS, TRK048
SHP049, DHL, TRK049
SHP050, Amazon Logistics, TRK050
SHP051, FedEx, TRK051
SHP052, UPS, TRK052
SHP053, USPS, TRK053
SHP054, DHL, TRK054
SHP055, Amazon Logistics, TRK055
SHP056, FedEx, TRK056
SHP057, UPS, TRK057
SHP058, USPS, TRK058
SHP059, DHL, TRK059
SHP060, Amazon Logistics, TRK060
SHP061, FedEx, TRK061
SHP062, UPS, TRK062
SHP063, USPS, TRK063
SHP064, DHL, TRK064
SHP065, Amazon Logistics, TRK065
SHP066, FedEx, TRK066
SHP067, UPS, TRK067
SHP068, USPS, TRK068
SHP069, DHL, TRK069
SHP070, Amazon Logistics, TRK070
SHP071, FedEx, TRK071
SHP072, UPS, TRK072
SHP073, USPS, TRK073
SHP074, DHL, TRK074
SHP075, Amazon Logistics, TRK075
SHP076, FedEx, TRK076
SHP077, UPS, TRK077
SHP078, USPS, TRK078
SHP079, DHL, TRK079
SHP080, Amazon Logistics, TRK080
SHP081, FedEx, TRK081
SHP082, UPS, TRK082
SHP083, USPS, TRK083
SHP084, DHL, TRK084
SHP085, Amazon Logistics, TRK085
SHP086, FedEx, TRK086
SHP087, UPS, TRK087
SHP088, USPS, TRK088
SHP089, DHL, TRK089
SHP090, Amazon Logistics, TRK090
SHP091, FedEx, TRK091
SHP092, UPS, TRK092
SHP093, USPS, TRK093
SHP094, DHL, TRK094
SHP095, Amazon Logistics, TRK095
SHP096, FedEx, TRK096
SHP097, UPS, TRK097
SHP098, USPS, TRK098
SHP099, DHL, TRK099
SHP100, Amazon Logistics, TRK100
